{"cameraMode":{"drawMode":0,"name":"Shaded","section":"Shading Mode"},"sceneLighting":true,"audioPlay":false,"sceneViewState":{"showFog":false,"showMaterialUpdate":false,"showSkybox":false,"showFlares":false,"showImageEffects":false,"showParticleSystems":false},"in2DMode":false,"pivot":{"x":-3.978624105453491,"y":0.4229576289653778,"z":6.755577087402344},"rotation":{"x":-0.15696744620800019,"y":0.43120574951171877,"z":-0.07646449655294419,"w":-0.885202169418335},"size":29.57090187072754,"orthographic":false}